,Continent_Name,Country
0,Asia,Afghanistan
1,Europe,Albania
2,Antarctica,Antarctica (the territory South of 60 deg S)
3,Africa,Algeria
4,Oceania,American Samoa
5,Europe,Andorra
6,Africa,Angola
7,North America,Antigua and Barbuda
8,Europe,Azerbaijan
9,Asia,Azerbaijan
10,South America,Argentina
11,Oceania,Australia
12,Europe,Austria
13,North America,Bahamas
14,Asia,Bahrain
15,Asia,Bangladesh
16,Europe,Armenia
17,Asia,Armenia
18,North America,Barbados
19,Europe,Belgium
20,North America,Bermuda
21,Asia,Bhutan
22,South America,Bolivia
23,Europe,Bosnia and Herzegovina
24,Africa,Botswana
25,Antarctica,Bouvet Island (Bouvetoya)
26,South America,Brazil
27,North America,Belize
28,Asia,British Indian Ocean Territory (Chagos Archipelago)
29,Oceania,Solomon Islands
30,North America,British Virgin Islands
31,Asia,Brunei Darussalam
32,Europe,Bulgaria
33,Asia,Myanmar
34,Africa,Burundi
35,Europe,Belarus
36,Asia,Cambodia
37,Africa,Cameroon
38,North America,Canada
39,Africa,Cape Verde
40,North America,Cayman Islands
41,Africa,Central African Republic
42,Asia,Sri Lanka
43,Africa,Chad
44,South America,Chile
45,Asia,China
46,Asia,Taiwan
47,Asia,Christmas Island
48,Asia,Cocos (Keeling) Islands
49,South America,Colombia
50,Africa,Comoros
51,Africa,Mayotte
52,Africa,Congo
53,Africa,Congo
54,Oceania,Cook Islands
55,North America,Costa Rica
56,Europe,Croatia
57,North America,Cuba
58,Europe,Cyprus
59,Asia,Cyprus
60,Europe,Czech Republic
61,Africa,Benin
62,Europe,Denmark
63,North America,Dominica
64,North America,Dominican Republic
65,South America,Ecuador
66,North America,El Salvador
67,Africa,Equatorial Guinea
68,Africa,Ethiopia
69,Africa,Eritrea
70,Europe,Estonia
71,Europe,Faroe Islands
72,South America,Falkland Islands (Malvinas)
73,Antarctica,South Georgia and the South Sandwich Islands
74,Oceania,Fiji
75,Europe,Finland
76,Europe,Åland Islands
77,Europe,France
78,South America,French Guiana
79,Oceania,French Polynesia
80,Antarctica,French Southern Territories
81,Africa,Djibouti
82,Africa,Gabon
83,Europe,Georgia
84,Asia,Georgia
85,Africa,Gambia
86,Asia,Palestinian Territory
87,Europe,Germany
88,Africa,Ghana
89,Europe,Gibraltar
90,Oceania,Kiribati
91,Europe,Greece
92,North America,Greenland
93,North America,Grenada
94,North America,Guadeloupe
95,Oceania,Guam
96,North America,Guatemala
97,Africa,Guinea
98,South America,Guyana
99,North America,Haiti
100,Antarctica,Heard Island and McDonald Islands
101,Europe,Holy See (Vatican City State)
102,North America,Honduras
103,Asia,Hong Kong
104,Europe,Hungary
105,Europe,Iceland
106,Asia,India
107,Asia,Indonesia
108,Asia,Iran
109,Asia,Iraq
110,Europe,Ireland
111,Asia,Israel
112,Europe,Italy
113,Africa,Cote d'Ivoire
114,North America,Jamaica
115,Asia,Japan
116,Europe,Kazakhstan
117,Asia,Kazakhstan
118,Asia,Jordan
119,Africa,Kenya
120,Asia,Korea
121,Asia,Korea
122,Asia,Kuwait
123,Asia,Kyrgyz Republic
124,Asia,Lao People's Democratic Republic
125,Asia,Lebanon
126,Africa,Lesotho
127,Europe,Latvia
128,Africa,Liberia
129,Africa,Libyan Arab Jamahiriya
130,Europe,Liechtenstein
131,Europe,Lithuania
132,Europe,Luxembourg
133,Asia,Macao
134,Africa,Madagascar
135,Africa,Malawi
136,Asia,Malaysia
137,Asia,Maldives
138,Africa,Mali
139,Europe,Malta
140,North America,Martinique
141,Africa,Mauritania
142,Africa,Mauritius
143,North America,Mexico
144,Europe,Monaco
145,Asia,Mongolia
146,Europe,Moldova
147,Europe,Montenegro
148,North America,Montserrat
149,Africa,Morocco
150,Africa,Mozambique
151,Asia,Oman
152,Africa,Namibia
153,Oceania,Nauru
154,Asia,Nepal
155,Europe,Netherlands
156,North America,Netherlands Antilles
157,North America,Curaçao
158,North America,Aruba
159,North America,Sint Maarten (Netherlands)
160,North America,Bonaire
161,Oceania,New Caledonia
162,Oceania,Vanuatu
163,Oceania,New Zealand
164,North America,Nicaragua
165,Africa,Niger
166,Africa,Nigeria
167,Oceania,Niue
168,Oceania,Norfolk Island
169,Europe,Norway
170,Oceania,Northern Mariana Islands
171,Oceania,United States Minor Outlying Islands
172,North America,United States Minor Outlying Islands
173,Oceania,Micronesia
174,Oceania,Marshall Islands
175,Oceania,Palau
176,Asia,Pakistan
177,North America,Panama
178,Oceania,Papua New Guinea
179,South America,Paraguay
180,South America,Peru
181,Asia,Philippines
182,Oceania,Pitcairn Islands
183,Europe,Poland
184,Europe,Portugal
185,Africa,Guinea-Bissau
186,Asia,Timor-Leste
187,North America,Puerto Rico
188,Asia,Qatar
189,Africa,Reunion
190,Europe,Romania
191,Europe,Russian Federation
192,Asia,Russian Federation
193,Africa,Rwanda
194,North America,Saint Barthelemy
195,Africa,Saint Helena
196,North America,Saint Kitts and Nevis
197,North America,Anguilla
198,North America,Saint Lucia
199,North America,Saint Martin
200,North America,Saint Pierre and Miquelon
201,North America,Saint Vincent and the Grenadines
202,Europe,San Marino
203,Africa,Sao Tome and Principe
204,Asia,Saudi Arabia
205,Africa,Senegal
206,Europe,Serbia
207,Africa,Seychelles
208,Africa,Sierra Leone
209,Asia,Singapore
210,Europe,Slovakia (Slovak Republic)
211,Asia,Vietnam
212,Europe,Slovenia
213,Africa,Somalia
214,Africa,South Africa
215,Africa,Zimbabwe
216,Europe,Spain
217,Africa,South Sudan
218,Africa,Western Sahara
219,Africa,Sudan
220,South America,Suriname
221,Europe,Svalbard & Jan Mayen Islands
222,Africa,Swaziland
223,Europe,Sweden
224,Europe,Switzerland
225,Asia,Syrian Arab Republic
226,Asia,Tajikistan
227,Asia,Thailand
228,Africa,Togo
229,Oceania,Tokelau
230,Oceania,Tonga
231,North America,Trinidad and Tobago
232,Asia,United Arab Emirates
233,Africa,Tunisia
234,Europe,Turkey
235,Asia,Turkey
236,Asia,Turkmenistan
237,North America,Turks and Caicos Islands
238,Oceania,Tuvalu
239,Africa,Uganda
240,Europe,Ukraine
241,Europe,Macedonia
242,Africa,Egypt
243,Europe,United Kingdom of Great Britain & Northern Ireland
244,Europe,Guernsey
245,Europe,Jersey
246,Europe,Isle of Man
247,Africa,Tanzania
248,North America,United States of America
249,North America,United States Virgin Islands
250,Africa,Burkina Faso
251,South America,Uruguay
252,Asia,Uzbekistan
253,South America,Venezuela
254,Oceania,Wallis and Futuna
255,Oceania,Samoa
256,Asia,Yemen
257,Africa,Zambia
258,Oceania,Disputed Territory
259,Asia,Iraq-Saudi Arabia Neutral Zone
260,Asia,United Nations Neutral Zone
261,Asia,Spratly Islands
